PM2.5,PM10,NO,NO2,NOx,NH3,CO,SO2,O3,Benzene,Toluene,Xylene,AQI,Air_quality
107.69,228.3,79.46,60.87,79.79,20.08,1.88,12.85,19.37,5.26,6.62,3.38,210,Poor
79.23,121.08,61.67,47.26,66.81,18.29,1.54,12.21,22.38,2.59,6.97,0.79,205,Poor
49.97,80.43,57.01,44.45,64.96,16.13,1.45,12.91,29.21,1.15,4.62,0.36,151,Moderate
65.94,102.57,69.45,48.75,80.41,14.5,1.63,13.09,19.97,1.16,5.41,0.35,177,Moderate
73.42,121.38,52.49,47.99,66.72,14.13,1.74,13.57,21.77,1.2,5.5,0.28,166,Moderate
58.01,118.17,51.67,46.63,65.41,14.24,1.71,13.26,20.18,0.9,5.14,0.28,152,Moderate
58.25,129.36,51.61,45.25,64.28,13.88,1.68,12.52,20.63,0.89,4.96,0.31,146,Moderate
31.87,87.38,47.07,43.29,59.88,12.38,1.49,11.73,15.88,0.48,3.88,0.3,122,Moderate
29.1,81.98,9.94,50.82,25.29,13.37,0.62,11.6,11.82,0.49,3.94,0.29,92,Satisfactory
35.36,92.03,7.69,55.75,24.29,12.52,0.53,11.76,15.52,0.77,3.92,0.63,92,Satisfactory
51.5,103.5,54.07,46.23,64.97,12.6,1.61,12.44,18.99,2.31,4.64,2.98,106,Moderate
67.83,110.46,55.33,47.14,68.39,12.94,1.86,12.02,22.36,3.26,5.29,3.17,156,Moderate
55.83,107.36,50.2,43.73,62.84,13.87,1.79,12.62,23.58,2.12,5.42,2.99,140,Moderate
43.86,91.67,36.73,47.11,51.85,12.02,1.55,11.53,23.24,0.67,4.42,1.51,120,Moderate
81.48,215.29,126.93,47.86,98.58,35.94,1.54,8.66,21.95,4.3,9.36,4.44,209,Poor
74.69,203.98,105.03,53.17,96.77,36.2,1.35,9.43,19.29,4.68,11.2,4.46,194,Moderate
69.37,193.24,67.76,60.4,94.16,35.25,1.25,9.4,23.56,3.49,8.53,2.32,168,Moderate
76.22,221.57,87.68,59.54,111.01,33.5,1.28,9.27,21.67,4.54,9.24,2.41,194,Moderate
95.29,216.9,65.98,50.6,96.2,25.75,1.19,8.18,23.25,2.63,6.29,0.78,214,Poor
98.86,171.34,41.1,46.42,80.49,24.17,0.9,7.35,33.13,1.91,6.49,0.73,202,Poor
52.48,125.73,23.99,40.42,53.75,25.8,0.69,9.77,37.84,1.6,3.68,0.89,148,Moderate
149.59,219.96,92.59,40.53,131.91,32.43,1.69,10.37,16.59,1.37,8.17,2.35,304,Hazardous
152.45,237.4,81.87,45.89,124.91,36.34,1.46,10.59,16.34,1.53,8.6,2.76,309,Hazardous
107.55,123.53,43.62,29.37,71.96,32.08,2.64,7.34,17.59,2.06,0.94,3.55,202,Poor
149.01,130.51,64.44,33.01,91.2,19.65,3.65,11.17,11.03,3.05,1.11,4.42,223,Poor
154.59,174.78,69.89,25.34,94.37,14.62,4.16,12.28,9.91,3.42,1.25,4.85,343,Hazardous
177.59,210.76,67.57,36.23,98.56,18.88,4.05,12.23,12.94,1.28,1.32,3.76,311,Hazardous
140.36,200.43,64.27,36.59,99.28,27.83,3.27,10.93,11.89,0.77,1.42,4.47,346,Hazardous
79.29,102.93,48.39,25.79,73.4,29.47,1.62,8.45,9.87,2.69,1.24,4.59,205,Poor
76.02,106.78,29.64,23.89,52.81,26.89,1.37,8.12,15.59,2.48,0.82,3.64,183,Moderate
116.68,158.66,27.94,31.45,58.67,32.81,1.84,7.49,21.47,3.29,1.15,3.88,184,Moderate
169.64,234.58,49.98,35.42,84.61,34.62,2.41,7.14,17.36,3.8,1.34,4.84,306,Hazardous
172.07,236.51,54.75,32.84,86.53,30.9,2.45,8.47,18.56,4.17,1.47,5.06,349,Hazardous
24.5,48.39,4.29,7.64,11.98,14.12,0.38,6.8,42.03,1.74,5.65,0.26,65,Satisfactory
26.65,50.91,3.7,6.37,10.12,12.72,0.37,5.31,36.61,1.82,5.97,0.29,56,Satisfactory
24.33,55.61,3.81,8.17,12.02,12.38,0.37,6.88,38.78,1.95,6.21,0.35,59,Satisfactory
30.15,62.36,4.49,11.56,16.09,13.6,0.41,6.99,37.99,2.83,6.99,0.55,68,Satisfactory
21.85,45.57,3.88,7.8,11.72,13.43,0.34,7.69,39.34,1.25,6.02,0.29,62,Satisfactory
18.37,39.71,3.94,8.91,12.9,12.76,0.36,8.1,32.05,1.21,5.94,0.32,48,Good
13.35,31.37,3.83,8.77,12.64,13.4,0.32,8.07,51.59,1.06,5.73,0.28,67,Satisfactory
14.57,30.86,3.92,7.56,11.52,12.55,0.34,6.68,31.48,1.23,5.7,0.28,45,Good
11.81,24.7,4.05,12.3,16.42,12.34,0.34,6.26,41.06,1.97,7,0.46,56,Satisfactory
16.18,29.16,3.96,10.21,14.22,12.43,0.34,9.8,39.33,1.68,5.95,0.37,56,Satisfactory
13.48,27.12,4.03,9,13.08,12.63,0.32,6.14,25.54,1.36,5.96,0.33,41,Good
10.49,23.68,3.97,8.56,12.58,12.42,0.33,7.5,36.42,1.22,5.38,0.29,44,Good
15.3,29.63,4,8.68,12.72,12.36,0.33,7.45,47.67,1.41,5.6,0.31,59,Satisfactory
15.74,27.95,3.86,8.54,12.4,12.13,0.34,6.61,48.65,1.63,5.36,0.31,59,Satisfactory
10.67,36.11,3.9,8.2,12.12,12.23,0.32,5.52,33.34,1.5,5.56,0.36,44,Good
7.71,19.98,3.95,9.15,13.15,12.33,0.34,5.21,29.82,1.6,6.06,0.43,45,Good
16.66,31,4.25,10.52,14.83,12.57,0.36,6.04,35.37,2.18,7.26,0.55,51,Satisfactory
13.88,29.3,3.87,9.11,13.02,12.71,0.31,7.42,38.95,1.42,5.63,0.33,54,Satisfactory
14.68,32.84,3.79,8.11,11.95,13.2,0.33,5.2,25.61,1.6,4.72,0.3,69,Satisfactory
242.58,158.08,8.62,42.92,47.85,49.8,2.75,10.66,33.28,3.79,8.3,8.14,449,Severe
245.53,338.18,44.49,47.5,64.57,48.22,1.8,11.03,28.07,4.81,38.4,0.22,417,Severe
372.14,483.87,109.53,64.18,135,56.85,3.15,18.49,39.58,8.5,60.79,1.38,492,Severe
327.04,439.31,120.76,64.8,143.71,58.26,3.32,19.95,36.5,9.36,73.11,2.65,485,Severe
228.9,337.04,111.09,55.65,131.13,53.02,2.8,14.93,27.82,6.96,66.8,2.8,426,Severe
516.2,82.97,3.03,0.62,2.72,10.78,1.09,4.77,38.74,1.05,5.82,0.47,487,Severe
270.21,104.38,3.12,0.65,2.57,11.2,0.94,8.98,43.41,1.07,6.22,1.58,502,Severe
525.09,94,16.96,19.14,34.7,10.53,1.57,8.75,37.36,2.16,13.13,2.85,442,Severe
353.58,95.54,8.53,16.83,23.94,10.47,1.17,9.43,38.86,1.4,9.8,2.38,510,Severe